<xml>
  <scene>
    <!-- Objects -->
    <object type="obj" name="Resource\BHRTFinal\01_teapot.obj" material="china">
      <scale value="1"/>
      <rotate angle="0" z="1"/>
      <translate x="0" y="0" z="0.3"/>
    </object>
    <object type="obj" name="Resource\BHRTFinal\03_base.obj" material="china">
      <scale value="1"/>
      <rotate angle="0" z="1"/>
      <translate x="0" y="0" z="0"/>
    </object>
    <object type="obj" name="Resource\BHRTFinal\03_base_Internal.obj" material="wood">
      <scale value="1"/>
      <rotate angle="0" z="1"/>
      <translate x="0" y="0" z="0"/>
    </object>
        <object type="obj" name="Resource\BHRTFinal\02_cup.obj" material="refraction">
      <scale value="1"/>
      <rotate angle="0" z="1"/>
      <translate x="18" y="10" z="1"/>
    </object>
    <object type="obj" name="Resource\BHRTFinal\02_cup.obj" material="china">
      <scale value="1"/>
      <rotate angle="0" z="1"/>
      <translate x="18.33" y="-5.424" z="1"/>
    </object>
    <object type="obj" name="Resource\BHRTFinal\07_OverallRoom.obj" material="wall">
      <scale value="1"/>
      <rotate angle="0" z="1"/>
      <translate x="0" y="0" z="17"/>
    </object>
    <object type="obj" name="Resource\BHRTFinal\06_bigBase.obj" material="wall">
      <scale value="1"/>
      <rotate angle="0" z="1"/>
      <translate x="0" y="0" z="17"/>
    </object>

    <!-- Materials -->
    <material type="blinn" name="wall">
      <diffuse  r="1" g="1" b="1"/>
      <specular value="0"/>
    </material>
    <material type="blinn" name="wallRed">
      <diffuse  r="1.0" g="0.5" b="0.4"/>
      <specular value="0"/>
    </material>
    <material type="blinn" name="wallBlue">
      <diffuse  r="0.5" g="0.5" b="1.0"/>
      <specular value="0"/>
    </material>
    <material type="blinn" name="china">
      <diffuse  r="0.8" g="0.8" b="0.8"/>
      <specular value="0.4"/>
      <glossiness value="500"/>
    </material>
    <material type="blinn" name="mtl2">
      <diffuse  value="0"/>
      <specular value="1"/>
      <glossiness value="20000"/>
    </material>
    <material type="blinn" name="refraction">
      <diffuse  value="0"/>
      <specular value="0.2"/>
      <glossiness value="20000"/>
      <refraction value="1.0" index="1.52"/>
    </material>
    <material type="blinn" name="wood">
      <diffuse texture="Resource/BHRTFinal/wood.png">
      </diffuse>
      <specular value="0.5"/>
      <glossiness value="50"/>
    </material>
    <!-- Lights -->
    <light type="point" name="pointLight">
      <intensity value="250.5"/>
      <position x="0" y="-10" z="20.161"/>
    <size value="5"/>
    </light>
    <light type="point" name="pointLight2">
      <intensity value="350.5"/>
      <position x="-16.412" y="10.804" z="13.139"/>
    <size value="3"/>
    </light>
    <light type="point" name="pointLight3">
      <intensity value="50.5"/>
      <position x="16.412" y="15.804" z="13.139"/>
    <size value="7"/>
    </light>
  </scene>

  <camera>
    <position x="57.252" y="46.39" z="20.451"/>
    <target x="19.745" y="11.779" z="3.827"/>
    <up x="0" y="0" z="1"/>
    <fov value="25"/>
    <width value="800"/>
    <height value="600"/>
  </camera>
</xml>